class,precision,recall,f1-score,support
Lost,1.0,0.9987421383647799,0.9993706733794839,2385
Loyal,1.0,0.7764705882352941,0.8741721854304636,170
Regular,0.9198443579766536,1.0,0.9582488852857722,1182
Treat,1.0,0.8252788104089219,0.9042769857433809,269
VIP,0.9985052316890882,0.9766081871345029,0.9874353288987434,684
