Mode,Score,Time
LogisticRegression,0.9086700213219616,4.8934407234191895
GaussianNB,0.8605250035536602,0.5827267169952393
KNeighborsClassifier,0.9531352096659559,1.345315933227539
SVC,0.9084029282160625,29.091391801834106
DecisionTreeClassifier,0.959906012793177,0.39934325218200684
RandomForestClassifier,0.9669973276474769,10.489216804504395
